Test, Policy, Tests, Cache, RAM, HIT, MISS, RATIO,time (ns)
0.99,LRU, 201,(2,),100,41 ,59, 25.0,0.8165836334228516
0.99,LFU, 201,(2,),100,41 ,59, 25.0,0.9129047393798828
0.99,FIFO, 201,(2,),100,41 ,59, 25.0,1.1653900146484375
